round,steps,loss,total_rewards,step
300,,"tensor(8.2495, grad_fn=<MseLossBackward>)",-1395.0,34.0
301,,"tensor(6.9845, grad_fn=<MseLossBackward>)",-12.0,6.0
302,,"tensor(4.2448, grad_fn=<MseLossBackward>)",-15.0,5.0
303,,"tensor(1.4593, grad_fn=<MseLossBackward>)",-15.0,5.0
304,,"tensor(3.0766, grad_fn=<MseLossBackward>)",-15.0,5.0
305,,"tensor(4.1947, grad_fn=<MseLossBackward>)",-11.0,5.0
306,,"tensor(3.5244, grad_fn=<MseLossBackward>)",-15.0,5.0
307,,"tensor(3.4711, grad_fn=<MseLossBackward>)",-15.0,5.0
308,,"tensor(5.3374, grad_fn=<MseLossBackward>)",-15.0,5.0
309,,"tensor(6.0627, grad_fn=<MseLossBackward>)",0.0,15.0
310,,"tensor(9.1238, grad_fn=<MseLossBackward>)",-15.0,5.0
311,,"tensor(4.1679, grad_fn=<MseLossBackward>)",-18.0,6.0
312,,"tensor(4.3494, grad_fn=<MseLossBackward>)",-15.0,5.0
313,,"tensor(3.8050, grad_fn=<MseLossBackward>)",-15.0,5.0
314,,"tensor(6.3094, grad_fn=<MseLossBackward>)",-9.0,5.0
315,,"tensor(2.4646, grad_fn=<MseLossBackward>)",-15.0,5.0
316,,"tensor(4.1522, grad_fn=<MseLossBackward>)",-15.0,5.0
317,,"tensor(4.0892, grad_fn=<MseLossBackward>)",-15.0,5.0
318,,"tensor(6.3386, grad_fn=<MseLossBackward>)",-15.0,5.0
319,,"tensor(2.7546, grad_fn=<MseLossBackward>)",-15.0,5.0
320,,"tensor(4.8138, grad_fn=<MseLossBackward>)",-11.0,5.0
321,,"tensor(4.8147, grad_fn=<MseLossBackward>)",-15.0,5.0
322,,"tensor(1.7532, grad_fn=<MseLossBackward>)",-9.0,5.0
323,,"tensor(3.3150, grad_fn=<MseLossBackward>)",-15.0,5.0
324,,"tensor(4.1782, grad_fn=<MseLossBackward>)",-13.5,12.0
325,,"tensor(5.9481, grad_fn=<MseLossBackward>)",-15.0,5.0
326,,"tensor(3.4018, grad_fn=<MseLossBackward>)",-9.0,5.0
327,,"tensor(4.9958, grad_fn=<MseLossBackward>)",-15.0,5.0
328,,"tensor(2.7714, grad_fn=<MseLossBackward>)",-9.0,5.0
329,,"tensor(1.9945, grad_fn=<MseLossBackward>)",-15.0,5.0
330,,"tensor(2.3181, grad_fn=<MseLossBackward>)",-15.0,5.0
331,,"tensor(3.6225, grad_fn=<MseLossBackward>)",-9.0,5.0
332,,"tensor(4.0092, grad_fn=<MseLossBackward>)",-15.0,5.0
333,,"tensor(2.5202, grad_fn=<MseLossBackward>)",-15.0,5.0
334,,"tensor(6.8131, grad_fn=<MseLossBackward>)",-9.0,5.0
335,,"tensor(4.3475, grad_fn=<MseLossBackward>)",-15.0,5.0
336,,"tensor(2.3151, grad_fn=<MseLossBackward>)",-9.0,5.0
337,,"tensor(2.9785, grad_fn=<MseLossBackward>)",-15.0,5.0
338,,"tensor(1.5948, grad_fn=<MseLossBackward>)",-9.0,5.0
339,,"tensor(3.4892, grad_fn=<MseLossBackward>)",-9.0,5.0
340,,"tensor(4.4510, grad_fn=<MseLossBackward>)",-15.0,5.0
341,,"tensor(5.8949, grad_fn=<MseLossBackward>)",-15.0,5.0
342,,"tensor(3.3451, grad_fn=<MseLossBackward>)",2.5,23.0
343,,"tensor(8.6993, grad_fn=<MseLossBackward>)",-15.0,5.0
344,,"tensor(5.0274, grad_fn=<MseLossBackward>)",-15.0,5.0
345,,"tensor(4.4261, grad_fn=<MseLossBackward>)",-15.0,5.0
346,,"tensor(3.4561, grad_fn=<MseLossBackward>)",-9.0,5.0
347,,"tensor(5.1660, grad_fn=<MseLossBackward>)",-15.0,5.0
348,,"tensor(5.7347, grad_fn=<MseLossBackward>)",-15.0,5.0
349,,"tensor(3.4159, grad_fn=<MseLossBackward>)",-9.0,5.0
350,,"tensor(4.6752, grad_fn=<MseLossBackward>)",-15.0,5.0
351,,"tensor(4.5089, grad_fn=<MseLossBackward>)",-15.0,5.0
352,,"tensor(4.0562, grad_fn=<MseLossBackward>)",-15.0,5.0
353,,"tensor(5.7863, grad_fn=<MseLossBackward>)",-15.0,5.0
354,,"tensor(3.0482, grad_fn=<MseLossBackward>)",-15.0,5.0
355,,"tensor(2.2429, grad_fn=<MseLossBackward>)",2.0,21.0
356,,"tensor(3.8382, grad_fn=<MseLossBackward>)",-15.0,5.0
357,,"tensor(3.1783, grad_fn=<MseLossBackward>)",-15.0,5.0
358,,"tensor(2.9083, grad_fn=<MseLossBackward>)",-11.0,5.0
359,,"tensor(3.2973, grad_fn=<MseLossBackward>)",-15.0,5.0
360,,"tensor(1.8048, grad_fn=<MseLossBackward>)",-15.0,5.0
361,,"tensor(1.8162, grad_fn=<MseLossBackward>)",-9.0,5.0
362,,"tensor(8.7821, grad_fn=<MseLossBackward>)",-15.0,5.0
363,,"tensor(4.6132, grad_fn=<MseLossBackward>)",-15.0,5.0
364,,"tensor(2.8652, grad_fn=<MseLossBackward>)",-15.0,5.0
365,,"tensor(3.8310, grad_fn=<MseLossBackward>)",-15.0,5.0
366,,"tensor(2.4308, grad_fn=<MseLossBackward>)",-15.0,5.0
367,,"tensor(4.6130, grad_fn=<MseLossBackward>)",-15.0,5.0
368,,"tensor(4.8032, grad_fn=<MseLossBackward>)",-9.0,5.0
369,,"tensor(2.1844, grad_fn=<MseLossBackward>)",-15.0,5.0
370,,"tensor(2.5967, grad_fn=<MseLossBackward>)",-6.5,11.0
371,,"tensor(4.8583, grad_fn=<MseLossBackward>)",-15.0,5.0
372,,"tensor(4.2767, grad_fn=<MseLossBackward>)",-18.0,6.0
373,,"tensor(3.0264, grad_fn=<MseLossBackward>)",-15.0,5.0
374,,"tensor(5.8176, grad_fn=<MseLossBackward>)",-15.0,5.0
375,,"tensor(3.3594, grad_fn=<MseLossBackward>)",-9.0,5.0
376,,"tensor(3.2677, grad_fn=<MseLossBackward>)",-6.5,11.0
377,,"tensor(4.9990, grad_fn=<MseLossBackward>)",-9.0,5.0
378,,"tensor(6.3715, grad_fn=<MseLossBackward>)",-13.0,5.0
379,,"tensor(1.2941, grad_fn=<MseLossBackward>)",-15.0,5.0
380,,"tensor(3.4222, grad_fn=<MseLossBackward>)",-10.5,11.0
381,,"tensor(8.0662, grad_fn=<MseLossBackward>)",-15.0,5.0
382,,"tensor(5.4966, grad_fn=<MseLossBackward>)",-15.0,5.0
383,,"tensor(3.3098, grad_fn=<MseLossBackward>)",-15.0,5.0
384,,"tensor(2.1176, grad_fn=<MseLossBackward>)",-15.0,5.0
385,,"tensor(3.9231, grad_fn=<MseLossBackward>)",-15.0,5.0
386,,"tensor(6.6015, grad_fn=<MseLossBackward>)",-15.0,5.0
387,,"tensor(4.3151, grad_fn=<MseLossBackward>)",-15.0,5.0
388,,"tensor(3.7177, grad_fn=<MseLossBackward>)",-15.0,5.0
389,,"tensor(1.9778, grad_fn=<MseLossBackward>)",-15.0,5.0
390,,"tensor(2.6879, grad_fn=<MseLossBackward>)",-9.0,5.0
391,,"tensor(3.7008, grad_fn=<MseLossBackward>)",-18.0,6.0
392,,"tensor(6.5961, grad_fn=<MseLossBackward>)",-15.0,5.0
393,,"tensor(2.9598, grad_fn=<MseLossBackward>)",-15.0,5.0
394,,"tensor(4.6851, grad_fn=<MseLossBackward>)",-15.0,5.0
395,,"tensor(2.0638, grad_fn=<MseLossBackward>)",-16.0,6.0
396,,"tensor(2.9502, grad_fn=<MseLossBackward>)",-15.0,5.0
397,,"tensor(5.1672, grad_fn=<MseLossBackward>)",-15.0,5.0
398,,"tensor(1.8045, grad_fn=<MseLossBackward>)",-15.0,5.0
399,,"tensor(1.9402, grad_fn=<MseLossBackward>)",-15.0,5.0
400,,"tensor(4.0036, grad_fn=<MseLossBackward>)",-13.0,5.0
401,,"tensor(2.2043, grad_fn=<MseLossBackward>)",-15.0,5.0
402,,"tensor(2.1898, grad_fn=<MseLossBackward>)",-10.5,11.0
403,,"tensor(4.2949, grad_fn=<MseLossBackward>)",-15.0,5.0
404,,"tensor(3.9444, grad_fn=<MseLossBackward>)",-15.0,5.0
405,,"tensor(5.2307, grad_fn=<MseLossBackward>)",-15.0,5.0
406,,"tensor(4.1353, grad_fn=<MseLossBackward>)",-15.0,5.0
407,,"tensor(5.1421, grad_fn=<MseLossBackward>)",-9.0,5.0
408,,"tensor(4.1281, grad_fn=<MseLossBackward>)",-15.0,5.0
409,,"tensor(6.3117, grad_fn=<MseLossBackward>)",-9.0,5.0
410,,"tensor(5.9064, grad_fn=<MseLossBackward>)",-15.0,5.0
411,,"tensor(5.3000, grad_fn=<MseLossBackward>)",-15.0,5.0
412,,"tensor(2.6959, grad_fn=<MseLossBackward>)",-15.0,5.0
413,,"tensor(3.9424, grad_fn=<MseLossBackward>)",-4.5,11.0
414,,"tensor(4.0976, grad_fn=<MseLossBackward>)",-9.0,5.0
415,,"tensor(3.7358, grad_fn=<MseLossBackward>)",-6.5,11.0
416,,"tensor(6.2452, grad_fn=<MseLossBackward>)",-15.0,5.0
417,,"tensor(1.5457, grad_fn=<MseLossBackward>)",-15.0,5.0
418,,"tensor(6.0867, grad_fn=<MseLossBackward>)",-15.0,5.0
419,,"tensor(2.8086, grad_fn=<MseLossBackward>)",-15.0,5.0
420,,"tensor(3.7793, grad_fn=<MseLossBackward>)",-9.0,5.0
421,,"tensor(2.2808, grad_fn=<MseLossBackward>)",-15.0,5.0
422,,"tensor(1.4182, grad_fn=<MseLossBackward>)",-15.0,5.0
423,,"tensor(3.4685, grad_fn=<MseLossBackward>)",7.5,20.0
424,,"tensor(2.8203, grad_fn=<MseLossBackward>)",-15.0,5.0
425,,"tensor(1.7882, grad_fn=<MseLossBackward>)",-15.0,5.0
426,,"tensor(3.4414, grad_fn=<MseLossBackward>)",-15.0,5.0
427,,"tensor(4.4711, grad_fn=<MseLossBackward>)",-13.0,5.0
428,,"tensor(2.7650, grad_fn=<MseLossBackward>)",-15.0,5.0
429,,"tensor(2.8965, grad_fn=<MseLossBackward>)",-5.5,12.0
430,,"tensor(2.2188, grad_fn=<MseLossBackward>)",-13.0,5.0
431,,"tensor(2.9118, grad_fn=<MseLossBackward>)",-15.0,5.0
432,,"tensor(3.3707, grad_fn=<MseLossBackward>)",-9.0,5.0
433,,"tensor(2.4576, grad_fn=<MseLossBackward>)",-13.0,5.0
434,,"tensor(3.8216, grad_fn=<MseLossBackward>)",-15.0,5.0
435,,"tensor(3.5924, grad_fn=<MseLossBackward>)",-15.0,5.0
436,,"tensor(3.9136, grad_fn=<MseLossBackward>)",-9.0,5.0
437,,"tensor(2.8959, grad_fn=<MseLossBackward>)",-13.0,5.0
438,,"tensor(8.8783, grad_fn=<MseLossBackward>)",-15.0,5.0
439,,"tensor(2.7136, grad_fn=<MseLossBackward>)",-15.0,5.0
440,,"tensor(2.1022, grad_fn=<MseLossBackward>)",-15.0,5.0
441,,"tensor(3.4515, grad_fn=<MseLossBackward>)",-13.0,5.0
442,,"tensor(6.1642, grad_fn=<MseLossBackward>)",-15.0,5.0
443,,"tensor(6.1330, grad_fn=<MseLossBackward>)",-15.0,5.0
444,,"tensor(4.4888, grad_fn=<MseLossBackward>)",-3.5,10.0
445,,"tensor(9.7318, grad_fn=<MseLossBackward>)",-15.0,5.0
446,,"tensor(3.1454, grad_fn=<MseLossBackward>)",-15.0,5.0
447,,"tensor(5.4803, grad_fn=<MseLossBackward>)",-15.0,5.0
448,,"tensor(5.9183, grad_fn=<MseLossBackward>)",-15.0,5.0
449,,"tensor(2.3029, grad_fn=<MseLossBackward>)",-15.0,5.0
450,,"tensor(3.0949, grad_fn=<MseLossBackward>)",-11.0,5.0
451,,"tensor(3.5608, grad_fn=<MseLossBackward>)",-16.0,6.0
452,,"tensor(4.0563, grad_fn=<MseLossBackward>)",-11.0,5.0
453,,"tensor(1.2337, grad_fn=<MseLossBackward>)",-15.0,5.0
454,,"tensor(5.5091, grad_fn=<MseLossBackward>)",-15.0,5.0
455,,"tensor(5.2591, grad_fn=<MseLossBackward>)",-15.0,5.0
456,,"tensor(4.3352, grad_fn=<MseLossBackward>)",-15.0,5.0
457,,"tensor(4.2296, grad_fn=<MseLossBackward>)",-15.0,5.0
458,,"tensor(7.5895, grad_fn=<MseLossBackward>)",-15.0,5.0
459,,"tensor(1.5850, grad_fn=<MseLossBackward>)",-15.0,5.0
460,,"tensor(4.5782, grad_fn=<MseLossBackward>)",-11.0,5.0
461,,"tensor(9.2214, grad_fn=<MseLossBackward>)",-15.0,5.0
462,,"tensor(3.1234, grad_fn=<MseLossBackward>)",-15.0,5.0
463,,"tensor(8.1984, grad_fn=<MseLossBackward>)",-13.0,5.0
464,,"tensor(7.3386, grad_fn=<MseLossBackward>)",-9.0,5.0
465,,"tensor(4.9231, grad_fn=<MseLossBackward>)",-15.0,5.0
466,,"tensor(2.2213, grad_fn=<MseLossBackward>)",-15.0,5.0
467,,"tensor(6.2562, grad_fn=<MseLossBackward>)",-15.0,5.0
468,,"tensor(4.6914, grad_fn=<MseLossBackward>)",-15.0,5.0
469,,"tensor(1.7559, grad_fn=<MseLossBackward>)",-15.0,5.0
470,,"tensor(3.8766, grad_fn=<MseLossBackward>)",-15.0,5.0
471,,"tensor(1.4437, grad_fn=<MseLossBackward>)",-11.0,5.0
472,,"tensor(2.6948, grad_fn=<MseLossBackward>)",-13.0,5.0
473,,"tensor(4.3568, grad_fn=<MseLossBackward>)",-2.0,17.0
474,,"tensor(6.6354, grad_fn=<MseLossBackward>)",-15.0,5.0
475,,"tensor(4.7617, grad_fn=<MseLossBackward>)",-13.0,5.0
476,,"tensor(8.2285, grad_fn=<MseLossBackward>)",-15.0,5.0
477,,"tensor(4.8841, grad_fn=<MseLossBackward>)",-15.0,5.0
478,,"tensor(3.4017, grad_fn=<MseLossBackward>)",-15.0,5.0
479,,"tensor(3.7233, grad_fn=<MseLossBackward>)",-13.0,5.0
480,,"tensor(2.0081, grad_fn=<MseLossBackward>)",-15.0,5.0
481,,"tensor(3.8633, grad_fn=<MseLossBackward>)",-15.0,5.0
482,,"tensor(3.5517, grad_fn=<MseLossBackward>)",-7.0,22.0
483,,"tensor(3.0937, grad_fn=<MseLossBackward>)",-15.0,5.0
484,,"tensor(1.5792, grad_fn=<MseLossBackward>)",-15.0,5.0
485,,"tensor(2.9432, grad_fn=<MseLossBackward>)",-15.0,5.0
486,,"tensor(1.2237, grad_fn=<MseLossBackward>)",-17.0,7.0
487,,"tensor(2.3567, grad_fn=<MseLossBackward>)",-15.0,5.0
488,,"tensor(2.9842, grad_fn=<MseLossBackward>)",-15.0,5.0
489,,"tensor(2.4561, grad_fn=<MseLossBackward>)",-12.0,6.0
490,,"tensor(2.3073, grad_fn=<MseLossBackward>)",-15.0,5.0
491,,"tensor(2.4245, grad_fn=<MseLossBackward>)",-15.0,5.0
492,,"tensor(4.2568, grad_fn=<MseLossBackward>)",-9.0,5.0
493,,"tensor(5.1150, grad_fn=<MseLossBackward>)",2.0,16.0
494,,"tensor(4.8719, grad_fn=<MseLossBackward>)",-15.0,5.0
495,,"tensor(2.7467, grad_fn=<MseLossBackward>)",-15.0,5.0
496,,"tensor(6.3600, grad_fn=<MseLossBackward>)",-15.0,5.0
497,,"tensor(5.3466, grad_fn=<MseLossBackward>)",-15.0,5.0
498,,"tensor(9.7664, grad_fn=<MseLossBackward>)",3.5,20.0
499,,"tensor(5.5359, grad_fn=<MseLossBackward>)",-15.0,5.0
500,,"tensor(5.7091, grad_fn=<MseLossBackward>)",-9.0,5.0
501,,"tensor(5.1411, grad_fn=<MseLossBackward>)",-15.0,5.0
502,,"tensor(5.8757, grad_fn=<MseLossBackward>)",-15.0,5.0
503,,"tensor(4.4795, grad_fn=<MseLossBackward>)",-15.0,5.0
504,,"tensor(4.8656, grad_fn=<MseLossBackward>)",-15.0,5.0
505,,"tensor(9.5730, grad_fn=<MseLossBackward>)",-15.0,5.0
506,,"tensor(7.6850, grad_fn=<MseLossBackward>)",-15.0,5.0
507,,"tensor(4.2251, grad_fn=<MseLossBackward>)",-15.0,5.0
508,,"tensor(7.4731, grad_fn=<MseLossBackward>)",-9.0,5.0
509,,"tensor(4.0642, grad_fn=<MseLossBackward>)",-15.0,5.0
510,,"tensor(6.2644, grad_fn=<MseLossBackward>)",-15.0,5.0
511,,"tensor(2.1251, grad_fn=<MseLossBackward>)",3.5,26.0
512,,"tensor(5.5249, grad_fn=<MseLossBackward>)",-9.0,5.0
513,,"tensor(2.5029, grad_fn=<MseLossBackward>)",-15.0,5.0
514,,"tensor(2.8439, grad_fn=<MseLossBackward>)",-9.0,5.0
515,,"tensor(3.4406, grad_fn=<MseLossBackward>)",-15.0,5.0
516,,"tensor(6.8793, grad_fn=<MseLossBackward>)",-13.0,5.0
517,,"tensor(4.5319, grad_fn=<MseLossBackward>)",-9.5,10.0
518,,"tensor(3.4658, grad_fn=<MseLossBackward>)",-15.0,5.0
519,,"tensor(5.2011, grad_fn=<MseLossBackward>)",12.0,30.0
520,,"tensor(6.0691, grad_fn=<MseLossBackward>)",-15.0,5.0
521,,"tensor(5.1182, grad_fn=<MseLossBackward>)",-15.0,5.0
522,,"tensor(2.2126, grad_fn=<MseLossBackward>)",-17.0,7.0
523,,"tensor(5.0142, grad_fn=<MseLossBackward>)",-15.0,5.0
524,,"tensor(4.1133, grad_fn=<MseLossBackward>)",-15.0,5.0
525,,"tensor(10.4015, grad_fn=<MseLossBackward>)",-1.0,16.0
526,,"tensor(5.0062, grad_fn=<MseLossBackward>)",-1.0,16.0
527,,"tensor(5.1421, grad_fn=<MseLossBackward>)",4.0,26.0
528,,"tensor(9.9480, grad_fn=<MseLossBackward>)",-15.0,5.0
529,,"tensor(3.7793, grad_fn=<MseLossBackward>)",-9.0,5.0
530,,"tensor(3.5346, grad_fn=<MseLossBackward>)",10.5,32.0
531,,"tensor(6.5331, grad_fn=<MseLossBackward>)",-18.0,6.0
532,,"tensor(3.9052, grad_fn=<MseLossBackward>)",-18.0,6.0
533,,"tensor(4.6354, grad_fn=<MseLossBackward>)",-11.0,5.0
534,,"tensor(7.6952, grad_fn=<MseLossBackward>)",-11.0,5.0
535,,"tensor(0.8209, grad_fn=<MseLossBackward>)",-9.0,5.0
536,,"tensor(3.8002, grad_fn=<MseLossBackward>)",-15.0,5.0
537,,"tensor(4.4156, grad_fn=<MseLossBackward>)",-15.0,5.0
538,,"tensor(3.0033, grad_fn=<MseLossBackward>)",-15.0,5.0
539,,"tensor(8.1846, grad_fn=<MseLossBackward>)",-15.0,5.0
540,,"tensor(5.6667, grad_fn=<MseLossBackward>)",-13.0,5.0
541,,"tensor(5.2419, grad_fn=<MseLossBackward>)",-15.0,5.0
542,,"tensor(2.6015, grad_fn=<MseLossBackward>)",-15.0,5.0
543,,"tensor(7.3122, grad_fn=<MseLossBackward>)",1.0,16.0
544,,"tensor(10.4895, grad_fn=<MseLossBackward>)",-2.0,23.0
545,,"tensor(5.5930, grad_fn=<MseLossBackward>)",-15.0,5.0
546,,"tensor(3.2975, grad_fn=<MseLossBackward>)",-10.0,6.0
547,,"tensor(7.7474, grad_fn=<MseLossBackward>)",-15.0,5.0
548,,"tensor(7.0495, grad_fn=<MseLossBackward>)",-16.0,6.0
549,,"tensor(4.0991, grad_fn=<MseLossBackward>)",-9.0,5.0
550,,"tensor(4.1744, grad_fn=<MseLossBackward>)",-11.0,5.0
551,,"tensor(2.8016, grad_fn=<MseLossBackward>)",-9.0,5.0
552,,"tensor(2.6705, grad_fn=<MseLossBackward>)",-9.0,5.0
553,,"tensor(4.1991, grad_fn=<MseLossBackward>)",-15.0,5.0
554,,"tensor(10.5981, grad_fn=<MseLossBackward>)",-15.0,5.0
555,,"tensor(12.9393, grad_fn=<MseLossBackward>)",-1.0,22.0
556,,"tensor(3.1178, grad_fn=<MseLossBackward>)",-15.0,5.0
557,,"tensor(3.4818, grad_fn=<MseLossBackward>)",13.0,26.0
558,,"tensor(3.6156, grad_fn=<MseLossBackward>)",-16.0,6.0
559,,"tensor(4.2492, grad_fn=<MseLossBackward>)",-15.0,5.0
560,,"tensor(5.3957, grad_fn=<MseLossBackward>)",-6.5,11.0
561,,"tensor(7.8816, grad_fn=<MseLossBackward>)",-18.0,6.0
562,,"tensor(3.9099, grad_fn=<MseLossBackward>)",-17.0,7.0
563,,"tensor(3.0251, grad_fn=<MseLossBackward>)",-15.0,5.0
564,,"tensor(5.2916, grad_fn=<MseLossBackward>)",-9.0,5.0
565,,"tensor(4.5982, grad_fn=<MseLossBackward>)",-15.0,5.0
566,,"tensor(15.7727, grad_fn=<MseLossBackward>)",1.0,22.0
567,,"tensor(5.4429, grad_fn=<MseLossBackward>)",-15.0,5.0
568,,"tensor(3.3804, grad_fn=<MseLossBackward>)",-10.0,6.0
569,,"tensor(3.1388, grad_fn=<MseLossBackward>)",-15.0,5.0
570,,"tensor(3.1632, grad_fn=<MseLossBackward>)",-15.0,5.0
571,,"tensor(4.6396, grad_fn=<MseLossBackward>)",-12.0,6.0
572,,"tensor(3.7012, grad_fn=<MseLossBackward>)",-9.0,5.0
573,,"tensor(11.8441, grad_fn=<MseLossBackward>)",-15.0,5.0
574,,"tensor(3.4319, grad_fn=<MseLossBackward>)",-1.0,17.0
575,,"tensor(5.7757, grad_fn=<MseLossBackward>)",-15.0,5.0
576,,"tensor(4.1382, grad_fn=<MseLossBackward>)",-10.5,11.0
577,,"tensor(4.2800, grad_fn=<MseLossBackward>)",-13.0,5.0
578,,"tensor(12.9191, grad_fn=<MseLossBackward>)",-9.0,5.0
579,,"tensor(13.1312, grad_fn=<MseLossBackward>)",-15.0,5.0
580,,"tensor(4.1142, grad_fn=<MseLossBackward>)",-12.0,6.0
581,,"tensor(3.6031, grad_fn=<MseLossBackward>)",-15.0,5.0
582,,"tensor(3.5445, grad_fn=<MseLossBackward>)",-15.0,5.0
583,,"tensor(2.2684, grad_fn=<MseLossBackward>)",-11.0,5.0
584,,"tensor(3.8214, grad_fn=<MseLossBackward>)",-16.0,6.0
585,,"tensor(6.1615, grad_fn=<MseLossBackward>)",-9.0,5.0
586,,"tensor(6.8841, grad_fn=<MseLossBackward>)",-15.0,5.0
587,,"tensor(5.1467, grad_fn=<MseLossBackward>)",-14.0,8.0
588,,"tensor(2.9331, grad_fn=<MseLossBackward>)",1.0,16.0
589,,"tensor(1.9770, grad_fn=<MseLossBackward>)",-10.0,6.0
590,,"tensor(2.8342, grad_fn=<MseLossBackward>)",-15.0,5.0
591,,"tensor(8.7316, grad_fn=<MseLossBackward>)",-5.0,16.0
592,,"tensor(3.8459, grad_fn=<MseLossBackward>)",-16.0,6.0
593,,"tensor(4.2016, grad_fn=<MseLossBackward>)",-15.0,5.0
594,,"tensor(4.5609, grad_fn=<MseLossBackward>)",-9.0,5.0
595,,"tensor(2.1153, grad_fn=<MseLossBackward>)",-18.0,6.0
596,,"tensor(6.0661, grad_fn=<MseLossBackward>)",-6.5,11.0
597,,"tensor(6.2895, grad_fn=<MseLossBackward>)",-16.0,6.0
598,,"tensor(1.8010, grad_fn=<MseLossBackward>)",-10.0,6.0
599,,"tensor(5.2067, grad_fn=<MseLossBackward>)",-8.0,17.0
600,,"tensor(2.9532, grad_fn=<MseLossBackward>)",-1.0,16.0
601,,"tensor(4.9005, grad_fn=<MseLossBackward>)",4.5,22.0
602,,"tensor(6.4550, grad_fn=<MseLossBackward>)",-9.0,5.0
603,,"tensor(3.8454, grad_fn=<MseLossBackward>)",-13.0,5.0
604,,"tensor(1.9341, grad_fn=<MseLossBackward>)",-10.0,6.0
605,,"tensor(2.4722, grad_fn=<MseLossBackward>)",-16.0,6.0
606,,"tensor(7.0047, grad_fn=<MseLossBackward>)",9.5,26.0
607,,"tensor(9.7032, grad_fn=<MseLossBackward>)",14.0,39.0
608,,"tensor(2.6692, grad_fn=<MseLossBackward>)",15.5,33.0
609,,"tensor(3.8058, grad_fn=<MseLossBackward>)",-15.0,5.0
610,,"tensor(2.8817, grad_fn=<MseLossBackward>)",-9.0,5.0
611,,"tensor(3.2524, grad_fn=<MseLossBackward>)",-15.0,5.0
612,,"tensor(5.1485, grad_fn=<MseLossBackward>)",-15.0,5.0
613,,"tensor(2.3189, grad_fn=<MseLossBackward>)",-15.0,5.0
614,,"tensor(1.6913, grad_fn=<MseLossBackward>)",-1.0,16.0
615,,"tensor(6.8277, grad_fn=<MseLossBackward>)",-24.0,14.0
616,,"tensor(2.0362, grad_fn=<MseLossBackward>)",-16.0,6.0
617,,"tensor(2.3232, grad_fn=<MseLossBackward>)",-15.0,5.0
618,,"tensor(3.0461, grad_fn=<MseLossBackward>)",-12.0,6.0
619,,"tensor(2.3517, grad_fn=<MseLossBackward>)",-13.0,5.0
620,,"tensor(7.3592, grad_fn=<MseLossBackward>)",2.0,21.0
621,,"tensor(6.3856, grad_fn=<MseLossBackward>)",-3.0,24.0
622,,"tensor(5.6065, grad_fn=<MseLossBackward>)",-11.5,16.0
623,,"tensor(4.8330, grad_fn=<MseLossBackward>)",1.0,16.0
624,,"tensor(3.7689, grad_fn=<MseLossBackward>)",-15.0,5.0
625,,"tensor(5.9610, grad_fn=<MseLossBackward>)",-16.5,13.0
626,,"tensor(9.9374, grad_fn=<MseLossBackward>)",-15.0,5.0
627,,"tensor(6.0428, grad_fn=<MseLossBackward>)",-19.0,34.0
628,,"tensor(1.6925, grad_fn=<MseLossBackward>)",-11.0,5.0
629,,"tensor(6.8121, grad_fn=<MseLossBackward>)",-15.0,5.0
630,,"tensor(5.0295, grad_fn=<MseLossBackward>)",-1.0,16.0
631,,"tensor(10.4419, grad_fn=<MseLossBackward>)",-3.0,16.0
632,,"tensor(3.5827, grad_fn=<MseLossBackward>)",-9.0,5.0
633,,"tensor(3.6060, grad_fn=<MseLossBackward>)",-4.0,17.0
634,,"tensor(4.6558, grad_fn=<MseLossBackward>)",-8.0,25.0
635,,"tensor(5.3357, grad_fn=<MseLossBackward>)",-16.0,6.0
636,,"tensor(7.7625, grad_fn=<MseLossBackward>)",-9.0,5.0
637,,"tensor(7.1304, grad_fn=<MseLossBackward>)",6.0,33.0
638,,"tensor(3.3487, grad_fn=<MseLossBackward>)",-2.0,17.0
639,,"tensor(3.5612, grad_fn=<MseLossBackward>)",-54.0,63.0
640,,"tensor(4.3416, grad_fn=<MseLossBackward>)",-6.0,23.0
641,,"tensor(2.0312, grad_fn=<MseLossBackward>)",-10.5,11.0
642,,"tensor(7.5548, grad_fn=<MseLossBackward>)",-11.0,7.0
643,,"tensor(5.0843, grad_fn=<MseLossBackward>)",-10.0,6.0
644,,"tensor(2.4994, grad_fn=<MseLossBackward>)",-1.0,16.0
645,,"tensor(13.4703, grad_fn=<MseLossBackward>)",-15.0,5.0
646,,"tensor(3.9128, grad_fn=<MseLossBackward>)",-15.0,5.0
647,,"tensor(4.8866, grad_fn=<MseLossBackward>)",-15.0,5.0
648,,"tensor(10.9603, grad_fn=<MseLossBackward>)",-9.0,5.0
649,,"tensor(5.2748, grad_fn=<MseLossBackward>)",-6.5,11.0
650,,"tensor(7.2463, grad_fn=<MseLossBackward>)",-9.0,5.0
651,,"tensor(13.1599, grad_fn=<MseLossBackward>)",-13.5,39.0
652,,"tensor(2.5003, grad_fn=<MseLossBackward>)",1.0,16.0
653,,"tensor(3.9176, grad_fn=<MseLossBackward>)",18.5,42.0
654,,"tensor(8.7613, grad_fn=<MseLossBackward>)",8.0,31.0
655,,"tensor(4.2967, grad_fn=<MseLossBackward>)",-13.5,12.0
656,,"tensor(6.3231, grad_fn=<MseLossBackward>)",-1.0,16.0
657,,"tensor(2.8883, grad_fn=<MseLossBackward>)",-1.0,16.0
658,,"tensor(5.4021, grad_fn=<MseLossBackward>)",-5.0,16.0
659,,"tensor(3.7309, grad_fn=<MseLossBackward>)",-3.0,16.0
660,,"tensor(6.9599, grad_fn=<MseLossBackward>)",5.0,26.0
661,,"tensor(3.3233, grad_fn=<MseLossBackward>)",-15.0,5.0
662,,"tensor(3.8311, grad_fn=<MseLossBackward>)",-15.0,5.0
663,,"tensor(3.5765, grad_fn=<MseLossBackward>)",-13.0,5.0
664,,"tensor(5.5074, grad_fn=<MseLossBackward>)",-15.0,5.0
665,,"tensor(7.4621, grad_fn=<MseLossBackward>)",-2.0,16.0
666,,"tensor(2.9467, grad_fn=<MseLossBackward>)",7.5,26.0
667,,"tensor(4.8331, grad_fn=<MseLossBackward>)",-2.0,17.0
668,,"tensor(6.5307, grad_fn=<MseLossBackward>)",-21.0,11.0
669,,"tensor(1.5303, grad_fn=<MseLossBackward>)",4.5,44.0
670,,"tensor(4.6076, grad_fn=<MseLossBackward>)",-6.5,11.0
671,,"tensor(2.5334, grad_fn=<MseLossBackward>)",10.0,26.0
672,,"tensor(4.3056, grad_fn=<MseLossBackward>)",8.0,39.0
673,,"tensor(9.9858, grad_fn=<MseLossBackward>)",-16.0,6.0
674,,"tensor(4.5619, grad_fn=<MseLossBackward>)",4.0,21.0
675,,"tensor(9.9357, grad_fn=<MseLossBackward>)",-10.0,6.0
676,,"tensor(2.2694, grad_fn=<MseLossBackward>)",5.5,26.0
677,,"tensor(5.3593, grad_fn=<MseLossBackward>)",11.0,31.0
678,,"tensor(3.8447, grad_fn=<MseLossBackward>)",-15.5,12.0
679,,"tensor(4.5986, grad_fn=<MseLossBackward>)",9.0,32.0
680,,"tensor(7.8337, grad_fn=<MseLossBackward>)",-4.0,19.0
681,,"tensor(5.1802, grad_fn=<MseLossBackward>)",1.0,54.0
682,,"tensor(1.6384, grad_fn=<MseLossBackward>)",-3.0,18.0
683,,"tensor(1.8832, grad_fn=<MseLossBackward>)",-3.0,16.0
684,,"tensor(9.5925, grad_fn=<MseLossBackward>)",-17.0,7.0
685,,"tensor(4.5916, grad_fn=<MseLossBackward>)",11.0,50.0
686,,"tensor(1.2458, grad_fn=<MseLossBackward>)",-11.0,7.0
687,,"tensor(4.3331, grad_fn=<MseLossBackward>)",-16.0,6.0
688,,"tensor(4.5988, grad_fn=<MseLossBackward>)",1.0,16.0
689,,"tensor(4.0478, grad_fn=<MseLossBackward>)",1.5,26.0
690,,"tensor(4.4593, grad_fn=<MseLossBackward>)",-9.0,5.0
691,,"tensor(4.1008, grad_fn=<MseLossBackward>)",-10.0,6.0
692,,"tensor(3.8050, grad_fn=<MseLossBackward>)",-12.0,6.0
693,,"tensor(7.6212, grad_fn=<MseLossBackward>)",-4.0,17.0
694,,"tensor(7.7522, grad_fn=<MseLossBackward>)",6.0,37.0
695,,"tensor(10.2896, grad_fn=<MseLossBackward>)",-16.0,6.0
696,,"tensor(2.8437, grad_fn=<MseLossBackward>)",3.0,22.0
697,,"tensor(5.9827, grad_fn=<MseLossBackward>)",-10.0,6.0
698,,"tensor(7.8041, grad_fn=<MseLossBackward>)",2.0,21.0
699,,"tensor(8.1285, grad_fn=<MseLossBackward>)",25.5,58.0
700,,"tensor(5.1801, grad_fn=<MseLossBackward>)",-1.0,16.0
701,,"tensor(3.1048, grad_fn=<MseLossBackward>)",-12.0,6.0
702,,"tensor(5.7001, grad_fn=<MseLossBackward>)",7.5,17.0
703,,"tensor(9.2367, grad_fn=<MseLossBackward>)",-9.5,12.0
704,,"tensor(4.8137, grad_fn=<MseLossBackward>)",-16.0,6.0
705,,"tensor(5.2704, grad_fn=<MseLossBackward>)",-6.5,11.0
706,,"tensor(4.3858, grad_fn=<MseLossBackward>)",0.5,27.0
707,,"tensor(2.5603, grad_fn=<MseLossBackward>)",-9.0,5.0
708,,"tensor(4.2020, grad_fn=<MseLossBackward>)",-12.0,6.0
709,,"tensor(2.9464, grad_fn=<MseLossBackward>)",-6.5,11.0
710,,"tensor(6.7467, grad_fn=<MseLossBackward>)",-14.0,6.0
711,,"tensor(2.8912, grad_fn=<MseLossBackward>)",-12.0,6.0
712,,"tensor(5.1838, grad_fn=<MseLossBackward>)",-6.0,17.0
713,,"tensor(5.9481, grad_fn=<MseLossBackward>)",-9.0,5.0
714,,"tensor(4.0297, grad_fn=<MseLossBackward>)",-9.0,5.0
715,,"tensor(2.6768, grad_fn=<MseLossBackward>)",-6.5,24.0
716,,"tensor(6.3929, grad_fn=<MseLossBackward>)",-9.0,5.0
717,,"tensor(4.0754, grad_fn=<MseLossBackward>)",2.5,21.0
718,,"tensor(7.2265, grad_fn=<MseLossBackward>)",-6.0,17.0
719,,"tensor(4.7366, grad_fn=<MseLossBackward>)",5.0,26.0
720,,"tensor(5.4265, grad_fn=<MseLossBackward>)",-9.0,5.0
721,,"tensor(2.0720, grad_fn=<MseLossBackward>)",-7.0,16.0
722,,"tensor(5.1718, grad_fn=<MseLossBackward>)",10.0,31.0
723,,"tensor(3.9950, grad_fn=<MseLossBackward>)",2.0,21.0
724,,"tensor(5.2013, grad_fn=<MseLossBackward>)",-2.0,16.0
725,,"tensor(5.3629, grad_fn=<MseLossBackward>)",-7.0,18.0
726,,"tensor(8.6277, grad_fn=<MseLossBackward>)",-16.0,6.0
727,,"tensor(5.4638, grad_fn=<MseLossBackward>)",16.0,38.0
728,,"tensor(2.2546, grad_fn=<MseLossBackward>)",15.0,36.0
729,,"tensor(3.5356, grad_fn=<MseLossBackward>)",-4.0,21.0
730,,"tensor(2.8473, grad_fn=<MseLossBackward>)",-4.5,32.0
731,,"tensor(2.8901, grad_fn=<MseLossBackward>)",-10.5,11.0
732,,"tensor(5.3765, grad_fn=<MseLossBackward>)",-16.0,6.0
733,,"tensor(1.2493, grad_fn=<MseLossBackward>)",-8.0,17.0
734,,"tensor(5.3390, grad_fn=<MseLossBackward>)",-5.0,16.0
735,,"tensor(7.7496, grad_fn=<MseLossBackward>)",-5.0,16.0
736,,"tensor(5.2429, grad_fn=<MseLossBackward>)",-15.0,5.0
737,,"tensor(6.3547, grad_fn=<MseLossBackward>)",-8.0,23.0
738,,"tensor(4.3575, grad_fn=<MseLossBackward>)",2.0,27.0
739,,"tensor(5.1651, grad_fn=<MseLossBackward>)",-16.0,6.0
740,,"tensor(7.3813, grad_fn=<MseLossBackward>)",-5.0,18.0
741,,"tensor(2.5115, grad_fn=<MseLossBackward>)",1.0,16.0
742,,"tensor(1.5221, grad_fn=<MseLossBackward>)",1.0,16.0
743,,"tensor(3.7553, grad_fn=<MseLossBackward>)",-7.0,24.0
744,,"tensor(6.1769, grad_fn=<MseLossBackward>)",1.5,26.0
745,,"tensor(3.6581, grad_fn=<MseLossBackward>)",-24.0,14.0
746,,"tensor(9.3309, grad_fn=<MseLossBackward>)",-11.0,5.0
747,,"tensor(3.8328, grad_fn=<MseLossBackward>)",-16.0,6.0
748,,"tensor(5.7348, grad_fn=<MseLossBackward>)",2.0,21.0
749,,"tensor(3.2076, grad_fn=<MseLossBackward>)",-2.0,16.0
750,,"tensor(2.9977, grad_fn=<MseLossBackward>)",-17.5,98.0
751,,"tensor(5.1556, grad_fn=<MseLossBackward>)",0.0,27.0
752,,"tensor(3.6679, grad_fn=<MseLossBackward>)",0.0,24.0
753,,"tensor(1.5317, grad_fn=<MseLossBackward>)",-15.0,5.0
754,,"tensor(5.7685, grad_fn=<MseLossBackward>)",9.0,31.0
755,,"tensor(6.3341, grad_fn=<MseLossBackward>)",4.0,16.0
756,,"tensor(1.2554, grad_fn=<MseLossBackward>)",1.0,16.0
757,,"tensor(3.0339, grad_fn=<MseLossBackward>)",-10.0,6.0
758,,"tensor(6.9947, grad_fn=<MseLossBackward>)",1.0,16.0
759,,"tensor(4.0845, grad_fn=<MseLossBackward>)",5.0,27.0
760,,"tensor(7.2056, grad_fn=<MseLossBackward>)",3.0,26.0
761,,"tensor(2.7241, grad_fn=<MseLossBackward>)",-18.0,6.0
762,,"tensor(10.0862, grad_fn=<MseLossBackward>)",7.0,36.0
763,,"tensor(1.9674, grad_fn=<MseLossBackward>)",-15.0,5.0
764,,"tensor(3.0761, grad_fn=<MseLossBackward>)",-10.0,6.0
765,,"tensor(4.0806, grad_fn=<MseLossBackward>)",-7.5,12.0
766,,"tensor(6.5727, grad_fn=<MseLossBackward>)",12.0,26.0
767,,"tensor(5.3504, grad_fn=<MseLossBackward>)",6.0,22.0
768,,"tensor(11.0544, grad_fn=<MseLossBackward>)",-7.0,16.0
769,,"tensor(2.6480, grad_fn=<MseLossBackward>)",-10.5,11.0
770,,"tensor(3.8272, grad_fn=<MseLossBackward>)",-11.0,7.0
771,,"tensor(1.8105, grad_fn=<MseLossBackward>)",14.0,32.0
772,,"tensor(2.4641, grad_fn=<MseLossBackward>)",-3.0,22.0
773,,"tensor(4.2874, grad_fn=<MseLossBackward>)",-3.5,17.0
774,,"tensor(9.6271, grad_fn=<MseLossBackward>)",-10.0,31.0
775,,"tensor(1.0030, grad_fn=<MseLossBackward>)",4.0,22.0
776,,"tensor(5.4911, grad_fn=<MseLossBackward>)",16.5,44.0
777,,"tensor(5.3826, grad_fn=<MseLossBackward>)",-11.0,5.0
778,,"tensor(2.6861, grad_fn=<MseLossBackward>)",-15.0,5.0
779,,"tensor(5.8343, grad_fn=<MseLossBackward>)",-12.0,6.0
780,,"tensor(1.6313, grad_fn=<MseLossBackward>)",-16.0,6.0
781,,"tensor(6.0673, grad_fn=<MseLossBackward>)",-9.0,5.0
782,,"tensor(3.0700, grad_fn=<MseLossBackward>)",-15.0,5.0
783,,"tensor(3.2235, grad_fn=<MseLossBackward>)",-15.0,5.0
784,,"tensor(2.5124, grad_fn=<MseLossBackward>)",-15.0,5.0
785,,"tensor(4.6214, grad_fn=<MseLossBackward>)",-15.0,5.0
786,,"tensor(6.9978, grad_fn=<MseLossBackward>)",-12.5,11.0
787,,"tensor(5.0578, grad_fn=<MseLossBackward>)",-13.0,20.0
788,,"tensor(1.8948, grad_fn=<MseLossBackward>)",-1.0,16.0
789,,"tensor(6.0547, grad_fn=<MseLossBackward>)",-11.0,7.0
790,,"tensor(2.1070, grad_fn=<MseLossBackward>)",-15.0,5.0
791,,"tensor(3.6490, grad_fn=<MseLossBackward>)",1.0,16.0
792,,"tensor(3.5130, grad_fn=<MseLossBackward>)",-10.0,6.0
793,,"tensor(3.3244, grad_fn=<MseLossBackward>)",-13.5,12.0
794,,"tensor(8.7951, grad_fn=<MseLossBackward>)",-15.0,5.0
795,,"tensor(8.2887, grad_fn=<MseLossBackward>)",-15.0,5.0
796,,"tensor(3.1865, grad_fn=<MseLossBackward>)",-15.0,5.0
797,,"tensor(2.2592, grad_fn=<MseLossBackward>)",0.0,17.0
798,,"tensor(3.5432, grad_fn=<MseLossBackward>)",-4.0,17.0
799,,"tensor(3.7603, grad_fn=<MseLossBackward>)",-16.0,6.0
800,,"tensor(3.5950, grad_fn=<MseLossBackward>)",-15.0,5.0
801,,"tensor(1.1200, grad_fn=<MseLossBackward>)",-6.5,11.0
802,,"tensor(3.0840, grad_fn=<MseLossBackward>)",-2.0,23.0
803,,"tensor(2.8364, grad_fn=<MseLossBackward>)",-9.0,5.0
804,,"tensor(1.7511, grad_fn=<MseLossBackward>)",9.0,36.0
805,,"tensor(5.8182, grad_fn=<MseLossBackward>)",-9.0,5.0
806,,"tensor(3.0300, grad_fn=<MseLossBackward>)",2.0,16.0
807,,"tensor(3.5071, grad_fn=<MseLossBackward>)",-5.0,16.0
808,,"tensor(3.5828, grad_fn=<MseLossBackward>)",-15.0,5.0
809,,"tensor(6.1540, grad_fn=<MseLossBackward>)",-3.0,16.0
810,,"tensor(4.9115, grad_fn=<MseLossBackward>)",-9.0,5.0
811,,"tensor(3.2259, grad_fn=<MseLossBackward>)",18.0,48.0
812,,"tensor(2.3562, grad_fn=<MseLossBackward>)",-15.0,5.0
813,,"tensor(2.5840, grad_fn=<MseLossBackward>)",15.0,38.0
814,,"tensor(5.7548, grad_fn=<MseLossBackward>)",-6.5,11.0
815,,"tensor(4.6866, grad_fn=<MseLossBackward>)",-15.0,5.0
816,,"tensor(2.6236, grad_fn=<MseLossBackward>)",-15.0,5.0
817,,"tensor(5.1519, grad_fn=<MseLossBackward>)",-15.0,5.0
818,,"tensor(1.4410, grad_fn=<MseLossBackward>)",-6.5,11.0
819,,"tensor(0.8891, grad_fn=<MseLossBackward>)",2.0,31.0
820,,"tensor(2.4446, grad_fn=<MseLossBackward>)",-8.0,23.0
821,,"tensor(1.9498, grad_fn=<MseLossBackward>)",4.0,16.0
822,,"tensor(1.6699, grad_fn=<MseLossBackward>)",-2.0,17.0
823,,"tensor(1.9861, grad_fn=<MseLossBackward>)",2.0,16.0
824,,"tensor(4.6165, grad_fn=<MseLossBackward>)",4.0,21.0
825,,"tensor(4.2879, grad_fn=<MseLossBackward>)",-9.0,5.0
826,,"tensor(3.4290, grad_fn=<MseLossBackward>)",-5.0,16.0
827,,"tensor(2.6660, grad_fn=<MseLossBackward>)",-4.0,17.0
828,,"tensor(1.9331, grad_fn=<MseLossBackward>)",-9.0,5.0
829,,"tensor(6.9983, grad_fn=<MseLossBackward>)",-11.0,7.0
830,,"tensor(4.3743, grad_fn=<MseLossBackward>)",0.0,33.0
831,,"tensor(1.2388, grad_fn=<MseLossBackward>)",-15.0,5.0
832,,"tensor(2.6993, grad_fn=<MseLossBackward>)",-9.0,5.0
833,,"tensor(1.5704, grad_fn=<MseLossBackward>)",-11.0,7.0
834,,"tensor(3.0806, grad_fn=<MseLossBackward>)",-15.0,5.0
835,,"tensor(1.4373, grad_fn=<MseLossBackward>)",-15.0,5.0
836,,"tensor(3.5279, grad_fn=<MseLossBackward>)",-15.0,5.0
837,,"tensor(1.7579, grad_fn=<MseLossBackward>)",-15.0,5.0
838,,"tensor(3.4249, grad_fn=<MseLossBackward>)",-1.0,16.0
839,,"tensor(4.6370, grad_fn=<MseLossBackward>)",-7.0,18.0
840,,"tensor(5.0267, grad_fn=<MseLossBackward>)",-1.0,16.0
841,,"tensor(3.8378, grad_fn=<MseLossBackward>)",-9.0,5.0
842,,"tensor(2.6309, grad_fn=<MseLossBackward>)",-15.0,5.0
843,,"tensor(1.2380, grad_fn=<MseLossBackward>)",-15.0,5.0
844,,"tensor(7.9303, grad_fn=<MseLossBackward>)",-15.0,5.0
845,,"tensor(6.7043, grad_fn=<MseLossBackward>)",-15.0,5.0
846,,"tensor(2.4061, grad_fn=<MseLossBackward>)",37.5,90.0
847,,"tensor(4.4333, grad_fn=<MseLossBackward>)",-15.0,5.0
848,,"tensor(2.0418, grad_fn=<MseLossBackward>)",18.0,45.0
849,,"tensor(1.6200, grad_fn=<MseLossBackward>)",-4.5,11.0
850,,"tensor(1.4780, grad_fn=<MseLossBackward>)",0.0,21.0
851,,"tensor(2.7320, grad_fn=<MseLossBackward>)",-9.0,5.0
852,,"tensor(1.3991, grad_fn=<MseLossBackward>)",-15.0,5.0
853,,"tensor(2.1139, grad_fn=<MseLossBackward>)",-15.0,5.0
854,,"tensor(5.1739, grad_fn=<MseLossBackward>)",4.0,31.0
855,,"tensor(3.4288, grad_fn=<MseLossBackward>)",1.0,16.0
856,,"tensor(4.6962, grad_fn=<MseLossBackward>)",1.0,16.0
857,,"tensor(2.8039, grad_fn=<MseLossBackward>)",-5.0,23.0
858,,"tensor(3.7805, grad_fn=<MseLossBackward>)",-15.0,5.0
859,,"tensor(5.1087, grad_fn=<MseLossBackward>)",2.0,31.0
860,,"tensor(3.0651, grad_fn=<MseLossBackward>)",-10.0,25.0
861,,"tensor(3.6034, grad_fn=<MseLossBackward>)",-1.0,16.0
862,,"tensor(2.3310, grad_fn=<MseLossBackward>)",6.0,43.0
863,,"tensor(2.2664, grad_fn=<MseLossBackward>)",-16.0,6.0
864,,"tensor(5.3291, grad_fn=<MseLossBackward>)",-15.0,5.0
865,,"tensor(1.5187, grad_fn=<MseLossBackward>)",-15.0,5.0
866,,"tensor(4.4238, grad_fn=<MseLossBackward>)",-13.0,24.0
867,,"tensor(1.7353, grad_fn=<MseLossBackward>)",-5.0,24.0
868,,"tensor(5.9946, grad_fn=<MseLossBackward>)",-2.0,17.0
869,,"tensor(3.1627, grad_fn=<MseLossBackward>)",-15.0,5.0
870,,"tensor(2.1612, grad_fn=<MseLossBackward>)",4.0,16.0
871,,"tensor(4.8096, grad_fn=<MseLossBackward>)",-15.0,5.0
872,,"tensor(1.8432, grad_fn=<MseLossBackward>)",-15.0,5.0
873,,"tensor(3.5473, grad_fn=<MseLossBackward>)",-15.0,5.0
874,,"tensor(2.1216, grad_fn=<MseLossBackward>)",-5.0,16.0
875,,"tensor(1.0714, grad_fn=<MseLossBackward>)",-5.0,16.0
876,,"tensor(3.5134, grad_fn=<MseLossBackward>)",-15.0,5.0
877,,"tensor(4.3448, grad_fn=<MseLossBackward>)",-9.0,5.0
878,,"tensor(2.6639, grad_fn=<MseLossBackward>)",-15.0,5.0
879,,"tensor(7.9972, grad_fn=<MseLossBackward>)",-1.5,21.0
880,,"tensor(4.0485, grad_fn=<MseLossBackward>)",-4.0,17.0
881,,"tensor(3.3920, grad_fn=<MseLossBackward>)",-12.0,6.0
882,,"tensor(6.6115, grad_fn=<MseLossBackward>)",-9.0,5.0
883,,"tensor(2.7598, grad_fn=<MseLossBackward>)",-2.0,16.0
884,,"tensor(8.2161, grad_fn=<MseLossBackward>)",-15.0,5.0
885,,"tensor(3.6267, grad_fn=<MseLossBackward>)",-1.0,16.0
886,,"tensor(1.8368, grad_fn=<MseLossBackward>)",-15.0,5.0
887,,"tensor(5.1430, grad_fn=<MseLossBackward>)",9.5,39.0
888,,"tensor(6.2208, grad_fn=<MseLossBackward>)",-2.0,17.0
889,,"tensor(3.9501, grad_fn=<MseLossBackward>)",-9.0,5.0
890,,"tensor(2.6020, grad_fn=<MseLossBackward>)",-9.0,5.0
891,,"tensor(3.2390, grad_fn=<MseLossBackward>)",-9.0,5.0
892,,"tensor(6.2304, grad_fn=<MseLossBackward>)",-9.0,5.0
893,,"tensor(4.4115, grad_fn=<MseLossBackward>)",-15.0,5.0
894,,"tensor(2.4722, grad_fn=<MseLossBackward>)",-15.0,5.0
895,,"tensor(6.1275, grad_fn=<MseLossBackward>)",-15.0,5.0
896,,"tensor(4.1029, grad_fn=<MseLossBackward>)",-15.0,5.0
897,,"tensor(6.3021, grad_fn=<MseLossBackward>)",-5.0,16.0
898,,"tensor(1.3275, grad_fn=<MseLossBackward>)",5.0,26.0
899,,"tensor(3.7219, grad_fn=<MseLossBackward>)",-15.0,5.0
900,,"tensor(3.0203, grad_fn=<MseLossBackward>)",-9.0,5.0
901,,"tensor(2.3204, grad_fn=<MseLossBackward>)",-15.0,5.0
902,,"tensor(3.1384, grad_fn=<MseLossBackward>)",-10.5,11.0
903,,"tensor(3.5030, grad_fn=<MseLossBackward>)",-2.0,17.0
904,,"tensor(5.3686, grad_fn=<MseLossBackward>)",-15.0,5.0
905,,"tensor(4.4454, grad_fn=<MseLossBackward>)",21.0,41.0
906,,"tensor(3.6011, grad_fn=<MseLossBackward>)",-1.0,16.0
907,,"tensor(4.2547, grad_fn=<MseLossBackward>)",-15.0,5.0
908,,"tensor(4.8903, grad_fn=<MseLossBackward>)",-15.0,5.0
909,,"tensor(2.7989, grad_fn=<MseLossBackward>)",-1.0,16.0
910,,"tensor(5.2000, grad_fn=<MseLossBackward>)",-16.0,6.0
911,,"tensor(2.4330, grad_fn=<MseLossBackward>)",-15.0,5.0
912,,"tensor(2.4958, grad_fn=<MseLossBackward>)",-15.0,5.0
913,,"tensor(5.4430, grad_fn=<MseLossBackward>)",-15.0,5.0
914,,"tensor(4.7475, grad_fn=<MseLossBackward>)",-13.0,5.0
915,,"tensor(3.0254, grad_fn=<MseLossBackward>)",-15.0,5.0
916,,"tensor(5.2754, grad_fn=<MseLossBackward>)",-15.0,5.0
917,,"tensor(7.2988, grad_fn=<MseLossBackward>)",-9.0,5.0
918,,"tensor(2.7670, grad_fn=<MseLossBackward>)",-9.0,5.0
919,,"tensor(7.7565, grad_fn=<MseLossBackward>)",-12.0,6.0
920,,"tensor(2.7144, grad_fn=<MseLossBackward>)",-15.0,5.0
921,,"tensor(2.2803, grad_fn=<MseLossBackward>)",-15.0,5.0
922,,"tensor(1.8693, grad_fn=<MseLossBackward>)",-15.0,5.0
923,,"tensor(2.6871, grad_fn=<MseLossBackward>)",-15.0,5.0
924,,"tensor(1.9885, grad_fn=<MseLossBackward>)",-15.0,5.0
925,,"tensor(2.8013, grad_fn=<MseLossBackward>)",-15.0,5.0
926,,"tensor(3.6910, grad_fn=<MseLossBackward>)",16.5,46.0
927,,"tensor(2.1242, grad_fn=<MseLossBackward>)",-15.0,5.0
928,,"tensor(3.7265, grad_fn=<MseLossBackward>)",-16.0,6.0
929,,"tensor(1.8672, grad_fn=<MseLossBackward>)",-15.0,5.0
930,,"tensor(6.2002, grad_fn=<MseLossBackward>)",-6.5,11.0
931,,"tensor(2.1918, grad_fn=<MseLossBackward>)",-15.0,5.0
932,,"tensor(4.9874, grad_fn=<MseLossBackward>)",-15.0,5.0
933,,"tensor(1.9536, grad_fn=<MseLossBackward>)",-15.0,5.0
934,,"tensor(1.9068, grad_fn=<MseLossBackward>)",-15.0,5.0
935,,"tensor(3.8073, grad_fn=<MseLossBackward>)",-15.0,5.0
936,,"tensor(1.0029, grad_fn=<MseLossBackward>)",-15.0,5.0
937,,"tensor(4.8440, grad_fn=<MseLossBackward>)",-3.0,16.0
938,,"tensor(6.1464, grad_fn=<MseLossBackward>)",-16.0,6.0
939,,"tensor(3.1031, grad_fn=<MseLossBackward>)",-15.0,5.0
940,,"tensor(1.2140, grad_fn=<MseLossBackward>)",-15.0,5.0
941,,"tensor(6.5208, grad_fn=<MseLossBackward>)",-5.0,18.0
942,,"tensor(2.1559, grad_fn=<MseLossBackward>)",-15.0,5.0
943,,"tensor(1.5901, grad_fn=<MseLossBackward>)",-15.0,5.0
944,,"tensor(2.7610, grad_fn=<MseLossBackward>)",-15.0,5.0
945,,"tensor(2.4832, grad_fn=<MseLossBackward>)",-7.5,16.0
946,,"tensor(4.1534, grad_fn=<MseLossBackward>)",-15.0,5.0
947,,"tensor(3.1866, grad_fn=<MseLossBackward>)",-15.0,5.0
948,,"tensor(2.5843, grad_fn=<MseLossBackward>)",-15.0,5.0
949,,"tensor(2.0367, grad_fn=<MseLossBackward>)",-15.0,5.0
950,,"tensor(3.1767, grad_fn=<MseLossBackward>)",-15.0,5.0
951,,"tensor(2.6613, grad_fn=<MseLossBackward>)",-2.0,17.0
952,,"tensor(2.7751, grad_fn=<MseLossBackward>)",-3.0,16.0
953,,"tensor(1.1667, grad_fn=<MseLossBackward>)",-1.0,16.0
954,,"tensor(4.0189, grad_fn=<MseLossBackward>)",-8.5,13.0
955,,"tensor(4.9072, grad_fn=<MseLossBackward>)",-12.5,11.0
956,,"tensor(3.1864, grad_fn=<MseLossBackward>)",-16.0,6.0
957,,"tensor(4.2313, grad_fn=<MseLossBackward>)",-15.0,5.0
958,,"tensor(2.5379, grad_fn=<MseLossBackward>)",-16.0,6.0
959,,"tensor(1.1647, grad_fn=<MseLossBackward>)",5.0,26.0
960,,"tensor(3.8330, grad_fn=<MseLossBackward>)",-15.0,5.0
961,,"tensor(6.4551, grad_fn=<MseLossBackward>)",-12.5,11.0
962,,"tensor(4.8877, grad_fn=<MseLossBackward>)",-15.0,5.0
963,,"tensor(2.1215, grad_fn=<MseLossBackward>)",-17.0,7.0
964,,"tensor(2.0010, grad_fn=<MseLossBackward>)",-15.0,5.0
965,,"tensor(1.8058, grad_fn=<MseLossBackward>)",-4.0,16.0
966,,"tensor(3.8039, grad_fn=<MseLossBackward>)",-10.0,17.0
967,,"tensor(2.5886, grad_fn=<MseLossBackward>)",-16.0,6.0
968,,"tensor(2.6900, grad_fn=<MseLossBackward>)",-9.0,5.0
969,,"tensor(3.1350, grad_fn=<MseLossBackward>)",-15.0,5.0
970,,"tensor(4.5853, grad_fn=<MseLossBackward>)",-15.0,5.0
971,,"tensor(2.1919, grad_fn=<MseLossBackward>)",-15.0,5.0
972,,"tensor(1.9864, grad_fn=<MseLossBackward>)",1.0,16.0
973,,"tensor(1.7891, grad_fn=<MseLossBackward>)",-16.0,6.0
974,,"tensor(5.6356, grad_fn=<MseLossBackward>)",-0.5,31.0
975,,"tensor(1.9231, grad_fn=<MseLossBackward>)",8.0,31.0
976,,"tensor(2.6300, grad_fn=<MseLossBackward>)",-16.0,6.0
977,,"tensor(6.0145, grad_fn=<MseLossBackward>)",4.5,21.0
978,,"tensor(2.8387, grad_fn=<MseLossBackward>)",1.0,16.0
979,,"tensor(1.5499, grad_fn=<MseLossBackward>)",1.0,16.0
980,,"tensor(2.6152, grad_fn=<MseLossBackward>)",-10.0,6.0
981,,"tensor(7.1239, grad_fn=<MseLossBackward>)",-1.0,16.0
982,,"tensor(2.9622, grad_fn=<MseLossBackward>)",-16.0,6.0
983,,"tensor(5.8567, grad_fn=<MseLossBackward>)",-13.0,5.0
984,,"tensor(3.4197, grad_fn=<MseLossBackward>)",-10.0,6.0
985,,"tensor(3.8447, grad_fn=<MseLossBackward>)",-1.0,16.0
986,,"tensor(3.0468, grad_fn=<MseLossBackward>)",-15.0,5.0
987,,"tensor(1.1422, grad_fn=<MseLossBackward>)",-16.0,6.0
988,,"tensor(4.1183, grad_fn=<MseLossBackward>)",-15.0,5.0
989,,"tensor(3.4037, grad_fn=<MseLossBackward>)",-15.0,5.0
990,,"tensor(2.0872, grad_fn=<MseLossBackward>)",-10.5,11.0
991,,"tensor(6.6451, grad_fn=<MseLossBackward>)",18.0,23.0
992,,"tensor(4.6501, grad_fn=<MseLossBackward>)",4.0,27.0
993,,"tensor(2.4727, grad_fn=<MseLossBackward>)",-15.0,5.0
994,,"tensor(3.4667, grad_fn=<MseLossBackward>)",-11.0,5.0
995,,"tensor(3.7633, grad_fn=<MseLossBackward>)",2.5,21.0
996,,"tensor(4.9440, grad_fn=<MseLossBackward>)",-15.0,5.0
997,,"tensor(1.7666, grad_fn=<MseLossBackward>)",-15.0,5.0
998,,"tensor(2.2968, grad_fn=<MseLossBackward>)",-15.0,5.0
999,,"tensor(4.6345, grad_fn=<MseLossBackward>)",-15.0,5.0
1000,,"tensor(4.5552, grad_fn=<MseLossBackward>)",-15.0,5.0
1001,,"tensor(5.3782, grad_fn=<MseLossBackward>)",-15.0,5.0
1002,,"tensor(1.4294, grad_fn=<MseLossBackward>)",-4.5,11.0
1003,,"tensor(2.2132, grad_fn=<MseLossBackward>)",10.0,26.0
1004,,"tensor(3.5706, grad_fn=<MseLossBackward>)",-15.0,5.0
1005,,"tensor(4.1386, grad_fn=<MseLossBackward>)",-15.0,5.0
1006,,"tensor(2.6298, grad_fn=<MseLossBackward>)",-15.0,5.0
1007,,"tensor(1.3271, grad_fn=<MseLossBackward>)",-15.0,5.0
1008,,"tensor(4.5524, grad_fn=<MseLossBackward>)",-9.0,5.0
1009,,"tensor(4.1453, grad_fn=<MseLossBackward>)",-15.0,5.0
1010,,"tensor(3.6836, grad_fn=<MseLossBackward>)",-1.0,16.0
1011,,"tensor(3.1911, grad_fn=<MseLossBackward>)",-15.0,5.0
1012,,"tensor(1.0639, grad_fn=<MseLossBackward>)",-9.0,5.0
1013,,"tensor(1.6806, grad_fn=<MseLossBackward>)",-9.0,5.0
1014,,"tensor(2.5248, grad_fn=<MseLossBackward>)",-15.0,5.0
1015,,"tensor(3.0115, grad_fn=<MseLossBackward>)",-15.0,5.0
1016,,"tensor(3.9511, grad_fn=<MseLossBackward>)",-13.0,5.0
1017,,"tensor(2.2324, grad_fn=<MseLossBackward>)",-3.5,10.0
1018,,"tensor(4.1761, grad_fn=<MseLossBackward>)",-1.0,16.0
1019,,"tensor(1.6408, grad_fn=<MseLossBackward>)",-9.0,5.0
1020,,"tensor(3.1194, grad_fn=<MseLossBackward>)",-4.0,21.0
1021,,"tensor(1.5505, grad_fn=<MseLossBackward>)",-9.0,5.0
1022,,"tensor(2.0325, grad_fn=<MseLossBackward>)",-9.0,5.0
1023,,"tensor(3.6756, grad_fn=<MseLossBackward>)",-15.0,5.0
1024,,"tensor(0.6316, grad_fn=<MseLossBackward>)",-15.0,5.0
1025,,"tensor(1.8751, grad_fn=<MseLossBackward>)",-15.0,5.0
1026,,"tensor(2.3370, grad_fn=<MseLossBackward>)",-15.0,5.0
1027,,"tensor(3.5493, grad_fn=<MseLossBackward>)",-18.0,6.0
1028,,"tensor(4.0430, grad_fn=<MseLossBackward>)",-9.0,5.0
1029,,"tensor(5.2794, grad_fn=<MseLossBackward>)",-9.0,5.0
1030,,"tensor(5.3707, grad_fn=<MseLossBackward>)",24.5,33.0
1031,,"tensor(7.8546, grad_fn=<MseLossBackward>)",-15.0,5.0
1032,,"tensor(3.8464, grad_fn=<MseLossBackward>)",-15.0,5.0
1033,,"tensor(2.3124, grad_fn=<MseLossBackward>)",-15.0,5.0
1034,,"tensor(2.5462, grad_fn=<MseLossBackward>)",-2.0,17.0
1035,,"tensor(3.4203, grad_fn=<MseLossBackward>)",-12.0,6.0
1036,,"tensor(2.4855, grad_fn=<MseLossBackward>)",-15.0,5.0
1037,,"tensor(2.1068, grad_fn=<MseLossBackward>)",-15.0,5.0
1038,,"tensor(3.4374, grad_fn=<MseLossBackward>)",-15.0,5.0
1039,,"tensor(3.6081, grad_fn=<MseLossBackward>)",-2.0,17.0
1040,,"tensor(2.5182, grad_fn=<MseLossBackward>)",-11.0,5.0
1041,,"tensor(4.1375, grad_fn=<MseLossBackward>)",-16.0,6.0
1042,,"tensor(4.6664, grad_fn=<MseLossBackward>)",-15.0,5.0
1043,,"tensor(6.7754, grad_fn=<MseLossBackward>)",-4.5,11.0
1044,,"tensor(6.0594, grad_fn=<MseLossBackward>)",-9.0,5.0
1045,,"tensor(1.7964, grad_fn=<MseLossBackward>)",-15.0,5.0
1046,,"tensor(2.8575, grad_fn=<MseLossBackward>)",-16.0,6.0
1047,,"tensor(2.9480, grad_fn=<MseLossBackward>)",-9.0,5.0
1048,,"tensor(5.8505, grad_fn=<MseLossBackward>)",3.0,17.0
1049,,"tensor(4.8162, grad_fn=<MseLossBackward>)",-15.0,5.0
1050,,"tensor(3.2924, grad_fn=<MseLossBackward>)",-23.5,18.0
1051,,"tensor(4.8213, grad_fn=<MseLossBackward>)",-8.0,17.0
1052,,"tensor(3.6353, grad_fn=<MseLossBackward>)",-15.0,5.0
1053,,"tensor(3.5942, grad_fn=<MseLossBackward>)",-15.0,5.0
1054,,"tensor(3.0981, grad_fn=<MseLossBackward>)",9.5,34.0
1055,,"tensor(5.0018, grad_fn=<MseLossBackward>)",-9.0,5.0
1056,,"tensor(1.9670, grad_fn=<MseLossBackward>)",-9.0,5.0
1057,,"tensor(5.0971, grad_fn=<MseLossBackward>)",-15.0,5.0
1058,,"tensor(3.5049, grad_fn=<MseLossBackward>)",7.5,26.0
1059,,"tensor(3.8215, grad_fn=<MseLossBackward>)",-15.0,5.0
1060,,"tensor(3.4925, grad_fn=<MseLossBackward>)",-13.5,12.0
1061,,"tensor(3.6724, grad_fn=<MseLossBackward>)",-9.0,5.0
1062,,"tensor(5.1415, grad_fn=<MseLossBackward>)",-15.0,5.0
1063,,"tensor(2.9015, grad_fn=<MseLossBackward>)",-4.0,17.0
1064,,"tensor(4.3218, grad_fn=<MseLossBackward>)",-15.0,5.0
1065,,"tensor(2.4428, grad_fn=<MseLossBackward>)",-15.0,5.0
1066,,"tensor(3.8502, grad_fn=<MseLossBackward>)",-1.0,16.0
1067,,"tensor(1.5030, grad_fn=<MseLossBackward>)",-4.0,19.0
1068,,"tensor(1.6373, grad_fn=<MseLossBackward>)",-19.0,7.0
1069,,"tensor(4.1738, grad_fn=<MseLossBackward>)",1.0,16.0
1070,,"tensor(4.4902, grad_fn=<MseLossBackward>)",10.0,32.0
1071,,"tensor(4.2307, grad_fn=<MseLossBackward>)",-11.0,5.0
1072,,"tensor(2.3825, grad_fn=<MseLossBackward>)",-15.0,5.0
1073,,"tensor(2.1319, grad_fn=<MseLossBackward>)",-18.0,6.0
1074,,"tensor(6.7460, grad_fn=<MseLossBackward>)",-15.0,5.0
1075,,"tensor(5.0903, grad_fn=<MseLossBackward>)",-12.5,13.0
1076,,"tensor(3.3261, grad_fn=<MseLossBackward>)",-15.0,5.0
1077,,"tensor(8.4284, grad_fn=<MseLossBackward>)",-15.0,5.0
1078,,"tensor(4.3953, grad_fn=<MseLossBackward>)",-15.0,5.0
1079,,"tensor(4.6121, grad_fn=<MseLossBackward>)",-15.0,5.0
1080,,"tensor(3.0454, grad_fn=<MseLossBackward>)",-15.0,5.0
1081,,"tensor(3.1043, grad_fn=<MseLossBackward>)",-11.0,5.0
1082,,"tensor(6.5926, grad_fn=<MseLossBackward>)",-15.0,5.0
1083,,"tensor(5.4178, grad_fn=<MseLossBackward>)",-4.5,11.0
1084,,"tensor(5.6205, grad_fn=<MseLossBackward>)",5.5,20.0
1085,,"tensor(3.7484, grad_fn=<MseLossBackward>)",-11.0,5.0
1086,,"tensor(1.6040, grad_fn=<MseLossBackward>)",-15.0,5.0
1087,,"tensor(8.3506, grad_fn=<MseLossBackward>)",-16.0,6.0
1088,,"tensor(2.0261, grad_fn=<MseLossBackward>)",-15.0,5.0
1089,,"tensor(4.4853, grad_fn=<MseLossBackward>)",-16.0,6.0
1090,,"tensor(5.2285, grad_fn=<MseLossBackward>)",-9.0,5.0
1091,,"tensor(1.4368, grad_fn=<MseLossBackward>)",-16.0,8.0
1092,,"tensor(2.5849, grad_fn=<MseLossBackward>)",-14.0,6.0
1093,,"tensor(2.9444, grad_fn=<MseLossBackward>)",-15.0,5.0
1094,,"tensor(3.3641, grad_fn=<MseLossBackward>)",-15.0,5.0
1095,,"tensor(8.6712, grad_fn=<MseLossBackward>)",-9.0,5.0
1096,,"tensor(2.0495, grad_fn=<MseLossBackward>)",-15.0,5.0
1097,,"tensor(2.7873, grad_fn=<MseLossBackward>)",-9.0,5.0
1098,,"tensor(5.5063, grad_fn=<MseLossBackward>)",4.0,27.0
1099,,"tensor(1.9561, grad_fn=<MseLossBackward>)",-16.0,6.0
1100,,"tensor(4.4066, grad_fn=<MseLossBackward>)",-15.0,5.0
1101,,"tensor(3.7697, grad_fn=<MseLossBackward>)",-1.0,22.0
1102,,"tensor(4.3141, grad_fn=<MseLossBackward>)",-9.0,5.0
1103,,"tensor(3.9857, grad_fn=<MseLossBackward>)",-4.0,17.0
1104,,"tensor(3.1930, grad_fn=<MseLossBackward>)",-2.0,16.0
1105,,"tensor(1.9965, grad_fn=<MseLossBackward>)",-16.0,6.0
1106,,"tensor(0.8319, grad_fn=<MseLossBackward>)",-15.0,5.0
1107,,"tensor(2.1045, grad_fn=<MseLossBackward>)",-15.0,5.0
1108,,"tensor(1.9482, grad_fn=<MseLossBackward>)",17.5,31.0
1109,,"tensor(4.4311, grad_fn=<MseLossBackward>)",-7.0,16.0
1110,,"tensor(4.8199, grad_fn=<MseLossBackward>)",-15.0,5.0
1111,,"tensor(4.4453, grad_fn=<MseLossBackward>)",-16.0,6.0
1112,,"tensor(3.2599, grad_fn=<MseLossBackward>)",-15.0,5.0
1113,,"tensor(2.5676, grad_fn=<MseLossBackward>)",-9.0,5.0
1114,,"tensor(2.6682, grad_fn=<MseLossBackward>)",-4.0,17.0
1115,,"tensor(3.5779, grad_fn=<MseLossBackward>)",16.5,65.0
1116,,"tensor(3.1673, grad_fn=<MseLossBackward>)",-3.0,16.0
1117,,"tensor(2.0860, grad_fn=<MseLossBackward>)",1.0,16.0
1118,,"tensor(2.8968, grad_fn=<MseLossBackward>)",4.5,21.0
1119,,"tensor(2.2360, grad_fn=<MseLossBackward>)",-15.0,5.0
1120,,"tensor(2.7238, grad_fn=<MseLossBackward>)",-15.0,5.0
1121,,"tensor(4.2702, grad_fn=<MseLossBackward>)",-9.0,5.0
1122,,"tensor(5.9641, grad_fn=<MseLossBackward>)",-15.0,5.0
1123,,"tensor(2.5964, grad_fn=<MseLossBackward>)",4.0,22.0
1124,,"tensor(1.9682, grad_fn=<MseLossBackward>)",-15.0,5.0
1125,,"tensor(1.0577, grad_fn=<MseLossBackward>)",-15.0,5.0
1126,,"tensor(5.3408, grad_fn=<MseLossBackward>)",-15.0,5.0
1127,,"tensor(2.2733, grad_fn=<MseLossBackward>)",-9.0,5.0
1128,,"tensor(2.1488, grad_fn=<MseLossBackward>)",-15.0,5.0
1129,,"tensor(3.6909, grad_fn=<MseLossBackward>)",-11.5,12.0
1130,,"tensor(3.1543, grad_fn=<MseLossBackward>)",-15.0,5.0
1131,,"tensor(4.4713, grad_fn=<MseLossBackward>)",-7.5,12.0
1132,,"tensor(3.5081, grad_fn=<MseLossBackward>)",1.0,16.0
1133,,"tensor(4.8066, grad_fn=<MseLossBackward>)",-15.0,5.0
1134,,"tensor(2.4867, grad_fn=<MseLossBackward>)",21.5,42.0
1135,,"tensor(2.9583, grad_fn=<MseLossBackward>)",-3.0,16.0
1136,,"tensor(1.6139, grad_fn=<MseLossBackward>)",-15.0,5.0
1137,,"tensor(1.7957, grad_fn=<MseLossBackward>)",-15.0,5.0
1138,,"tensor(1.8818, grad_fn=<MseLossBackward>)",-4.0,19.0
1139,,"tensor(1.5115, grad_fn=<MseLossBackward>)",-15.0,5.0
1140,,"tensor(3.3821, grad_fn=<MseLossBackward>)",-18.0,6.0
1141,,"tensor(3.0272, grad_fn=<MseLossBackward>)",-12.0,6.0
1142,,"tensor(3.7250, grad_fn=<MseLossBackward>)",5.0,20.0
1143,,"tensor(2.1270, grad_fn=<MseLossBackward>)",-16.0,6.0
1144,,"tensor(2.6896, grad_fn=<MseLossBackward>)",17.5,38.0
1145,,"tensor(2.9471, grad_fn=<MseLossBackward>)",-9.0,5.0
1146,,"tensor(1.5196, grad_fn=<MseLossBackward>)",-8.0,17.0
1147,,"tensor(1.0456, grad_fn=<MseLossBackward>)",-16.0,6.0
1148,,"tensor(4.5929, grad_fn=<MseLossBackward>)",1.5,22.0
1149,,"tensor(3.2665, grad_fn=<MseLossBackward>)",2.0,21.0
1150,,"tensor(6.0747, grad_fn=<MseLossBackward>)",-16.0,6.0
1151,,"tensor(2.9888, grad_fn=<MseLossBackward>)",4.5,21.0
1152,,"tensor(5.8755, grad_fn=<MseLossBackward>)",-9.0,5.0
1153,,"tensor(5.7498, grad_fn=<MseLossBackward>)",-15.0,5.0
1154,,"tensor(6.1832, grad_fn=<MseLossBackward>)",-2.0,16.0
1155,,"tensor(1.6695, grad_fn=<MseLossBackward>)",7.5,23.0
1156,,"tensor(3.4945, grad_fn=<MseLossBackward>)",-15.0,5.0
1157,,"tensor(2.9616, grad_fn=<MseLossBackward>)",-15.0,5.0
1158,,"tensor(2.6808, grad_fn=<MseLossBackward>)",-15.0,5.0
1159,,"tensor(2.3941, grad_fn=<MseLossBackward>)",-15.0,5.0
1160,,"tensor(1.2559, grad_fn=<MseLossBackward>)",-15.0,5.0
1161,,"tensor(3.6684, grad_fn=<MseLossBackward>)",-11.0,5.0
1162,,"tensor(2.7823, grad_fn=<MseLossBackward>)",-15.0,5.0
1163,,"tensor(3.7834, grad_fn=<MseLossBackward>)",1.0,16.0
1164,,"tensor(2.7200, grad_fn=<MseLossBackward>)",-4.5,11.0
1165,,"tensor(4.5677, grad_fn=<MseLossBackward>)",-9.0,5.0
1166,,"tensor(2.2329, grad_fn=<MseLossBackward>)",-6.5,11.0
1167,,"tensor(3.1288, grad_fn=<MseLossBackward>)",-1.0,16.0
1168,,"tensor(1.3050, grad_fn=<MseLossBackward>)",-15.0,5.0
1169,,"tensor(7.4711, grad_fn=<MseLossBackward>)",-15.0,5.0
1170,,"tensor(5.9769, grad_fn=<MseLossBackward>)",-15.0,5.0
1171,,"tensor(4.7263, grad_fn=<MseLossBackward>)",53.0,81.0
1172,,"tensor(7.1749, grad_fn=<MseLossBackward>)",38.5,82.0
1173,,"tensor(6.0731, grad_fn=<MseLossBackward>)",-4.0,17.0
1174,,"tensor(6.2755, grad_fn=<MseLossBackward>)",-4.5,11.0
1175,,"tensor(6.0659, grad_fn=<MseLossBackward>)",-15.0,5.0
1176,,"tensor(2.6647, grad_fn=<MseLossBackward>)",5.0,15.0
1177,,"tensor(5.7301, grad_fn=<MseLossBackward>)",-3.0,16.0
1178,,"tensor(4.0285, grad_fn=<MseLossBackward>)",26.5,67.0
1179,,"tensor(3.3882, grad_fn=<MseLossBackward>)",-2.0,21.0
1180,,"tensor(5.0346, grad_fn=<MseLossBackward>)",-9.0,5.0
1181,,"tensor(4.3965, grad_fn=<MseLossBackward>)",-2.0,23.0
1182,,"tensor(5.1664, grad_fn=<MseLossBackward>)",2.0,16.0
1183,,"tensor(0.9308, grad_fn=<MseLossBackward>)",-16.0,6.0
1184,,"tensor(2.4866, grad_fn=<MseLossBackward>)",-15.0,5.0
1185,,"tensor(3.4200, grad_fn=<MseLossBackward>)",-15.0,5.0
1186,,"tensor(3.2279, grad_fn=<MseLossBackward>)",-15.0,5.0
1187,,"tensor(1.3269, grad_fn=<MseLossBackward>)",-10.0,6.0
1188,,"tensor(4.1050, grad_fn=<MseLossBackward>)",1.0,16.0
1189,,"tensor(5.7543, grad_fn=<MseLossBackward>)",-15.0,5.0
1190,,"tensor(8.6057, grad_fn=<MseLossBackward>)",12.0,31.0
1191,,"tensor(3.4432, grad_fn=<MseLossBackward>)",-15.0,5.0
1192,,"tensor(2.1410, grad_fn=<MseLossBackward>)",-3.0,16.0
1193,,"tensor(4.7242, grad_fn=<MseLossBackward>)",-5.0,16.0
1194,,"tensor(4.0592, grad_fn=<MseLossBackward>)",-2.0,17.0
1195,,"tensor(4.1392, grad_fn=<MseLossBackward>)",-1.0,16.0
1196,,"tensor(3.8740, grad_fn=<MseLossBackward>)",6.5,31.0
1197,,"tensor(2.1883, grad_fn=<MseLossBackward>)",22.0,58.0
1198,,"tensor(5.4933, grad_fn=<MseLossBackward>)",-15.0,5.0
1199,,"tensor(4.3647, grad_fn=<MseLossBackward>)",5.5,21.0
1200,,"tensor(1.7063, grad_fn=<MseLossBackward>)",-1.0,16.0
1201,,"tensor(2.9614, grad_fn=<MseLossBackward>)",-15.0,5.0
1202,,"tensor(2.2042, grad_fn=<MseLossBackward>)",-3.0,16.0
1203,,"tensor(2.6884, grad_fn=<MseLossBackward>)",14.5,53.0
1204,,"tensor(3.3159, grad_fn=<MseLossBackward>)",7.0,26.0
1205,,"tensor(1.8820, grad_fn=<MseLossBackward>)",2.0,16.0
1206,,"tensor(3.5821, grad_fn=<MseLossBackward>)",1.0,16.0
1207,,"tensor(3.1895, grad_fn=<MseLossBackward>)",-15.0,5.0
1208,,"tensor(4.3777, grad_fn=<MseLossBackward>)",-15.0,5.0
1209,,"tensor(2.3402, grad_fn=<MseLossBackward>)",-11.0,5.0
1210,,"tensor(5.2286, grad_fn=<MseLossBackward>)",-15.0,5.0
1211,,"tensor(1.0077, grad_fn=<MseLossBackward>)",-10.5,11.0
1212,,"tensor(1.4002, grad_fn=<MseLossBackward>)",-15.0,5.0
1213,,"tensor(3.4090, grad_fn=<MseLossBackward>)",-16.0,6.0
1214,,"tensor(3.2617, grad_fn=<MseLossBackward>)",-15.0,5.0
1215,,"tensor(4.9587, grad_fn=<MseLossBackward>)",-9.0,5.0
1216,,"tensor(5.4874, grad_fn=<MseLossBackward>)",-15.0,5.0
1217,,"tensor(1.5837, grad_fn=<MseLossBackward>)",-15.0,5.0
1218,,"tensor(3.8539, grad_fn=<MseLossBackward>)",-15.0,5.0
1219,,"tensor(4.5151, grad_fn=<MseLossBackward>)",-15.0,5.0
1220,,"tensor(3.0230, grad_fn=<MseLossBackward>)",9.5,36.0
1221,,"tensor(1.4388, grad_fn=<MseLossBackward>)",-9.0,5.0
1222,,"tensor(2.8577, grad_fn=<MseLossBackward>)",1.0,16.0
1223,,"tensor(3.6823, grad_fn=<MseLossBackward>)",0.0,21.0
1224,,"tensor(3.2712, grad_fn=<MseLossBackward>)",6.5,21.0
1225,,"tensor(2.4876, grad_fn=<MseLossBackward>)",1.0,16.0
1226,,"tensor(3.2598, grad_fn=<MseLossBackward>)",-7.5,12.0
1227,,"tensor(2.4594, grad_fn=<MseLossBackward>)",-9.0,5.0
1228,,"tensor(1.9768, grad_fn=<MseLossBackward>)",1.5,22.0
1229,,"tensor(5.5316, grad_fn=<MseLossBackward>)",-3.0,16.0
1230,,"tensor(4.1823, grad_fn=<MseLossBackward>)",-6.5,11.0
1231,,"tensor(4.4529, grad_fn=<MseLossBackward>)",-10.5,11.0
1232,,"tensor(5.6127, grad_fn=<MseLossBackward>)",-5.0,22.0
1233,,"tensor(3.3203, grad_fn=<MseLossBackward>)",-5.5,10.0
1234,,"tensor(4.5561, grad_fn=<MseLossBackward>)",-15.0,5.0
1235,,"tensor(2.8577, grad_fn=<MseLossBackward>)",-1.0,18.0
1236,,"tensor(2.6008, grad_fn=<MseLossBackward>)",-10.5,11.0
1237,,"tensor(5.0351, grad_fn=<MseLossBackward>)",0.0,16.0
1238,,"tensor(3.1972, grad_fn=<MseLossBackward>)",6.5,21.0
1239,,"tensor(2.6996, grad_fn=<MseLossBackward>)",12.5,41.0
1240,,"tensor(2.9920, grad_fn=<MseLossBackward>)",1.0,16.0
1241,,"tensor(5.6265, grad_fn=<MseLossBackward>)",3.0,17.0
1242,,"tensor(1.2776, grad_fn=<MseLossBackward>)",26.0,51.0
1243,,"tensor(2.1475, grad_fn=<MseLossBackward>)",1.0,16.0
1244,,"tensor(2.4311, grad_fn=<MseLossBackward>)",-1.0,22.0
1245,,"tensor(2.9458, grad_fn=<MseLossBackward>)",4.0,28.0
1246,,"tensor(7.4074, grad_fn=<MseLossBackward>)",-15.0,5.0
1247,,"tensor(3.1664, grad_fn=<MseLossBackward>)",-15.0,5.0
1248,,"tensor(2.2532, grad_fn=<MseLossBackward>)",3.5,20.0
1249,,"tensor(2.6693, grad_fn=<MseLossBackward>)",18.5,46.0
1250,,"tensor(4.3569, grad_fn=<MseLossBackward>)",-9.0,5.0
